"","motif","name","altname","family","organism","consensus","alphabet","strand","icscore","nsites","bkgsites","pval","qval","eval","type","pseudocount","bkg","width","initial_width","seed","score_threshold","pos_count","neg_count","log_pval","log_evalue","evalue","dtc","bernoulli","train_pos_count","train_neg_count","train_log_pval","train_pval","train_dtc","train_bernoulli","is_palindromic","elapsed_time","total_sites","site_distr","max_sites","site_hist"
"1","new(""universalmotif"", name = ""m1_GAWDGDD"", altname = ""STREME-1"", family = character(0), organism = character(0), motif = c(0, 0, 25477, 0, 16900, 0, 396, 8181, 13407, 0, 0, 12070, 7572, 0, 10647, 7258, 0, 0, 25477, 0, 8811, 0, 7161, 9505, 8356, 0, 7613, 9508), alphabet = ""RNA"", type = ""PCM"", icscore = 7.27315862601345, nsites = 25477, pseudocount = 0, bkg = c(A = 0.261, C = 0.245, G = 0.254, U = 0.239), bkgsites = numeric(0), consensus = ""GWWDGDD"", strand = ""+-"", pval = 3.5e-102, qval = numeric(0), 
    eval = numeric(0), multifreq = list(), extrainfo = c(width = ""7"", initial_width = ""5"", seed = ""GAAAGGA"", score_threshold = ""2.78755"", pos_count = ""2570"", neg_count = ""1212"", log_pval = ""-101.454"", log_evalue = ""-100.007"", evalue = ""9.8e-101"", dtc = ""-1"", bernoulli = ""0.507244"", train_pos_count = ""22907"", train_neg_count = ""10337"", train_log_pval = ""-982.681"", train_pval = ""0"", train_dtc = ""-1"", train_bernoulli = ""0.507244"", is_palindromic = ""n/a"", elapsed_time = ""12.7"", total_sites = ""22907"", 
    site_distr = "" 510 485 437 466 440 429 492 504 444 483 539 464 570 555 528 531 693 741 1372 752 553 406 1092 888 787 681 270 713 756 499 432 490 535 570 534 420 550 561"", max_sites = ""8"", site_hist = "" 0 15195 5755 1551 334 53 12 4 3""), gapinfo = new(""universalmotif_gapped"", isgapped = FALSE, gaploc = numeric(0), mingap = numeric(0), maxgap = numeric(0), extrapvals = numeric(0)))","m1_GAWDGDD","STREME-1",NA,NA,"GWWDGDD","RNA","+-","7.27315862601345","25477","NA","3.5e-102","NA","NA","PCM","0","c(A = 0.261, C = 0.245, G = 0.254, U = 0.239)","7","5","GAAAGGA","2.78755","2570","1212","-101.454","-100.007","9.8e-101","-1","0.507244","22907","10337","-982.681","0","-1","0.507244","n/a","12.7","22907"," 510 485 437 466 440 429 492 504 444 483 539 464 570 555 528 531 693 741 1372 752 553 406 1092 888 787 681 270 713 756 499 432 490 535 570 534 420 550 561","8"," 0 15195 5755 1551 334 53 12 4 3"
"2","new(""universalmotif"", name = ""m2_GWWKWKGW"", altname = ""STREME-2"", family = character(0), organism = character(0), motif = c(0, 0, 1075, 0, 714, 0, 0, 361, 407, 18, 75, 575, 202, 0, 556, 317, 549, 0, 0, 526, 105, 28, 541, 401, 138, 0, 723, 214, 517, 0, 238, 320), alphabet = ""RNA"", type = ""PCM"", icscore = 7.00210231157199, nsites = 19411, pseudocount = 0, bkg = c(A = 0.261, C = 0.245, G = 0.254, U = 0.239), bkgsites = numeric(0), consensus = ""GWWKWKGW"", strand = ""+-"", pval = 6.1e-51, qval = numeric(0), 
    eval = numeric(0), multifreq = list(), extrainfo = c(width = ""8"", initial_width = ""6"", seed = ""GAUGAGGA"", score_threshold = ""4.7493"", pos_count = ""1963"", neg_count = ""1096"", log_pval = ""-50.2181"", log_evalue = ""-48.7709"", evalue = ""1.7e-049"", dtc = ""-1"", bernoulli = ""0.507244"", train_pos_count = ""17448"", train_neg_count = ""9860"", train_log_pval = ""-419.365"", train_pval = ""0"", train_dtc = ""-1"", train_bernoulli = ""0.507244"", is_palindromic = ""n/a"", elapsed_time = ""25.5"", total_sites = ""17448"", 
    site_distr = "" 433 518 435 445 426 391 345 388 390 427 533 472 454 454 421 372 726 918 558 854 397 281 1022 473 333 439 201 372 426 324 300 394 282 362 388 300 469"", max_sites = ""13"", site_hist = "" 0 11396 3973 1293 431 143 75 56 30 21 11 9 7 3""), gapinfo = new(""universalmotif_gapped"", isgapped = FALSE, gaploc = numeric(0), mingap = numeric(0), maxgap = numeric(0), extrapvals = numeric(0)))","m2_GWWKWKGW","STREME-2",NA,NA,"GWWKWKGW","RNA","+-","7.00210231157199","19411","NA","6.1e-51","NA","NA","PCM","0","c(A = 0.261, C = 0.245, G = 0.254, U = 0.239)","8","6","GAUGAGGA","4.7493","1963","1096","-50.2181","-48.7709","1.7e-049","-1","0.507244","17448","9860","-419.365","0","-1","0.507244","n/a","25.5","17448"," 433 518 435 445 426 391 345 388 390 427 533 472 454 454 421 372 726 918 558 854 397 281 1022 473 333 439 201 372 426 324 300 394 282 362 388 300 469","13"," 0 11396 3973 1293 431 143 75 56 30 21 11 9 7 3"
"3","new(""universalmotif"", name = ""m3_WGDGWGKR"", altname = ""STREME-3"", family = character(0), organism = character(0), motif = c(165, 0, 11, 126, 0, 0, 221, 81, 134, 0, 88, 80, 0, 0, 302, 0, 110, 0, 0, 192, 34, 0, 208, 60, 46, 0, 163, 93, 88, 0, 169, 45), alphabet = ""RNA"", type = ""PCM"", icscore = 7.49027274632915, nsites = 7124, pseudocount = 0, bkg = c(A = 0.261, C = 0.245, G = 0.254, U = 0.239), bkgsites = numeric(0), consensus = ""WKDGWGKR"", strand = ""+-"", pval = 9.1e-14, qval = numeric(0), eval = numeric(0), 
    multifreq = list(), extrainfo = c(width = ""8"", initial_width = ""7"", seed = ""AGAGAGGG"", score_threshold = ""5.48847"", pos_count = ""694"", neg_count = ""431"", log_pval = ""-13.0413"", log_evalue = ""-11.5942"", evalue = ""2.5e-012"", dtc = ""-1"", bernoulli = ""0.507244"", train_pos_count = ""6430"", train_neg_count = ""3875"", train_log_pval = ""-125.074"", train_pval = ""8.4e-126"", train_dtc = ""-1"", train_bernoulli = ""0.507244"", is_palindromic = ""n/a"", elapsed_time = ""34.5"", total_sites = ""6430"", site_distr = "" 222 197 181 143 146 139 106 119 141 140 150 138 127 105 123 171 213 252 150 208 166 233 185 114 172 182 198 123 151 140 140 172 110 177 142 218 286"", 
    max_sites = ""15"", site_hist = "" 0 5116 952 235 74 21 5 6 6 2 5 3 3 1 0 1""), gapinfo = new(""universalmotif_gapped"", isgapped = FALSE, gaploc = numeric(0), mingap = numeric(0), maxgap = numeric(0), extrapvals = numeric(0)))","m3_WGDGWGKR","STREME-3",NA,NA,"WKDGWGKR","RNA","+-","7.49027274632915","7124","NA","9.1e-14","NA","NA","PCM","0","c(A = 0.261, C = 0.245, G = 0.254, U = 0.239)","8","7","AGAGAGGG","5.48847","694","431","-13.0413","-11.5942","2.5e-012","-1","0.507244","6430","3875","-125.074","8.4e-126","-1","0.507244","n/a","34.5","6430"," 222 197 181 143 146 139 106 119 141 140 150 138 127 105 123 171 213 252 150 208 166 233 185 114 172 182 198 123 151 140 140 172 110 177 142 218 286","15"," 0 5116 952 235 74 21 5 6 6 2 5 3 3 1 0 1"
"4","new(""universalmotif"", name = ""m4_UUUUGG"", altname = ""STREME-4"", family = character(0), organism = character(0), motif = c(401, 14, 500, 3021, 916, 0, 36, 2984, 1029, 0, 466, 2441, 1194, 0, 330, 2412, 0, 35, 3901, 0, 869, 0, 2385, 682), alphabet = ""RNA"", type = ""PCM"", icscore = 6.12657672188128, nsites = 11882, pseudocount = 0, bkg = c(A = 0.261, C = 0.245, G = 0.254, U = 0.239), bkgsites = numeric(0), consensus = ""UUWWGG"", strand = ""+-"", pval = 3.8e-11, qval = numeric(0), eval = numeric(0), multifreq = list(), 
    extrainfo = c(width = ""6"", initial_width = ""6"", seed = ""UUUUGG"", score_threshold = ""3.75519"", pos_count = ""1183"", neg_count = ""859"", log_pval = ""-10.4162"", log_evalue = ""-8.96901"", evalue = ""1.1e-009"", dtc = ""-1"", bernoulli = ""0.507244"", train_pos_count = ""10699"", train_neg_count = ""7855"", train_log_pval = ""-79.6014"", train_pval = ""2.5e-80"", train_dtc = ""-1"", train_bernoulli = ""0.507244"", is_palindromic = ""n/a"", elapsed_time = ""41.5"", total_sites = ""10699"", site_distr = "" 482 312 243 230 234 210 225 203 212 215 212 247 272 255 225 173 173 231 357 314 369 552 348 447 293 193 201 172 244 247 236 194 220 226 210 241 279 268 246"", 
    max_sites = ""5"", site_hist = "" 0 8217 2100 342 38 2""), gapinfo = new(""universalmotif_gapped"", isgapped = FALSE, gaploc = numeric(0), mingap = numeric(0), maxgap = numeric(0), extrapvals = numeric(0)))","m4_UUUUGG","STREME-4",NA,NA,"UUWWGG","RNA","+-","6.12657672188128","11882","NA","3.8e-11","NA","NA","PCM","0","c(A = 0.261, C = 0.245, G = 0.254, U = 0.239)","6","6","UUUUGG","3.75519","1183","859","-10.4162","-8.96901","1.1e-009","-1","0.507244","10699","7855","-79.6014","2.5e-80","-1","0.507244","n/a","41.5","10699"," 482 312 243 230 234 210 225 203 212 215 212 247 272 255 225 173 173 231 357 314 369 552 348 447 293 193 201 172 244 247 236 194 220 226 210 241 279 268 246","5"," 0 8217 2100 342 38 2"
"5","new(""universalmotif"", name = ""m5_ARAWGG"", altname = ""STREME-5"", family = character(0), organism = character(0), motif = c(165, 0, 0, 0, 67, 0, 98, 0, 124, 0, 40, 1, 91, 0, 0, 74, 0, 10, 155, 0, 33, 0, 132, 0), alphabet = ""RNA"", type = ""PCM"", icscore = 8.13153718054412, nsites = 7132, pseudocount = 0, bkg = c(A = 0.261, C = 0.245, G = 0.254, U = 0.239), bkgsites = numeric(0), consensus = ""ARAWGG"", strand = ""+-"", pval = 1.9e-05, qval = numeric(0), eval = numeric(0), multifreq = list(), extrainfo = c(width = ""6"", 
initial_width = ""6"", seed = ""AGAUGG"", score_threshold = ""5.99792"", pos_count = ""675"", neg_count = ""515"", log_pval = ""-4.71286"", log_evalue = ""-3.2657"", evalue = ""5.4e-004"", dtc = ""-1"", bernoulli = ""0.507244"", train_pos_count = ""6457"", train_neg_count = ""4887"", train_log_pval = ""-39.4401"", train_pval = ""3.6e-40"", train_dtc = ""-1"", train_bernoulli = ""0.507244"", is_palindromic = ""n/a"", elapsed_time = ""54.9"", total_sites = ""6457"", site_distr = "" 315 211 198 163 161 179 171 136 151 142 130 165 143 147 132 105 85 155 221 73 135 368 28 154 109 130 194 159 124 132 105 139 134 164 137 168 161 169 267"", 
max_sites = ""4"", site_hist = "" 0 5846 562 48 1""), gapinfo = new(""universalmotif_gapped"", isgapped = FALSE, gaploc = numeric(0), mingap = numeric(0), maxgap = numeric(0), extrapvals = numeric(0)))","m5_ARAWGG","STREME-5",NA,NA,"ARAWGG","RNA","+-","8.13153718054412","7132","NA","1.9e-05","NA","NA","PCM","0","c(A = 0.261, C = 0.245, G = 0.254, U = 0.239)","6","6","AGAUGG","5.99792","675","515","-4.71286","-3.2657","5.4e-004","-1","0.507244","6457","4887","-39.4401","3.6e-40","-1","0.507244","n/a","54.9","6457"," 315 211 198 163 161 179 171 136 151 142 130 165 143 147 132 105 85 155 221 73 135 368 28 154 109 130 194 159 124 132 105 139 134 164 137 168 161 169 267","4"," 0 5846 562 48 1"
"6","new(""universalmotif"", name = ""m6_UUKUUUU"", altname = ""STREME-6"", family = character(0), organism = character(0), motif = c(0, 2, 3, 70, 0, 3, 0, 72, 5, 0, 43, 27, 7, 1, 5, 62, 4, 1, 0, 70, 3, 1, 1, 70, 4, 9, 0, 62), alphabet = ""RNA"", type = ""PCM"", icscore = 9.53267551431035, nsites = 874, pseudocount = 0, bkg = c(A = 0.261, C = 0.245, G = 0.254, U = 0.239), bkgsites = numeric(0), consensus = ""UUKUUUU"", strand = ""+-"", pval = 0.00019, qval = numeric(0), eval = numeric(0), multifreq = list(), extrainfo = c(width = ""7"", 
initial_width = ""4"", seed = ""UUGUUUU"", score_threshold = ""8.61258"", pos_count = ""104"", neg_count = ""56"", log_pval = ""-3.72935"", log_evalue = ""-2.28219"", evalue = ""5.2e-003"", dtc = ""-1"", bernoulli = ""0.507244"", train_pos_count = ""770"", train_neg_count = ""494"", train_log_pval = ""-12.6894"", train_pval = ""2e-13"", train_dtc = ""-1"", train_bernoulli = ""0.507244"", is_palindromic = ""n/a"", elapsed_time = ""80"", total_sites = ""770"", site_distr = "" 28 10 3 8 11 10 9 15 5 9 18 14 19 9 11 7 25 36 20 20 23 35 15 6 6 8 14 8 9 12 4 12 9 4 4 13 13 8"", 
max_sites = ""21"", site_hist = "" 0 489 64 34 28 26 31 29 9 16 11 6 4 4 7 2 2 1 2 3 0 2""), gapinfo = new(""universalmotif_gapped"", isgapped = FALSE, gaploc = numeric(0), mingap = numeric(0), maxgap = numeric(0), extrapvals = numeric(0)))","m6_UUKUUUU","STREME-6",NA,NA,"UUKUUUU","RNA","+-","9.53267551431035","874","NA","0.00019","NA","NA","PCM","0","c(A = 0.261, C = 0.245, G = 0.254, U = 0.239)","7","4","UUGUUUU","8.61258","104","56","-3.72935","-2.28219","5.2e-003","-1","0.507244","770","494","-12.6894","2e-13","-1","0.507244","n/a","80","770"," 28 10 3 8 11 10 9 15 5 9 18 14 19 9 11 7 25 36 20 20 23 35 15 6 6 8 14 8 9 12 4 12 9 4 4 13 13 8","21"," 0 489 64 34 28 26 31 29 9 16 11 6 4 4 7 2 2 1 2 3 0 2"
"7","new(""universalmotif"", name = ""m7_GGAAAG"", altname = ""STREME-7"", family = character(0), organism = character(0), motif = c(50, 0, 320, 49, 48, 52, 298, 21, 368, 11, 31, 9, 389, 1, 15, 14, 397, 2, 11, 9, 18, 11, 387, 3), alphabet = ""RNA"", type = ""PCM"", icscore = 7.66453694416347, nsites = 4229, pseudocount = 0, bkg = c(A = 0.261, C = 0.245, G = 0.254, U = 0.239), bkgsites = numeric(0), consensus = ""GGAAAG"", strand = ""+-"", pval = 2e-04, qval = numeric(0), eval = numeric(0), multifreq = list(), extrainfo = c(width = ""6"", 
initial_width = ""6"", seed = ""GGAAAG"", score_threshold = ""5.88979"", pos_count = ""411"", neg_count = ""305"", log_pval = ""-3.70245"", log_evalue = ""-2.25529"", evalue = ""5.6e-003"", dtc = ""-1"", bernoulli = ""0.507244"", train_pos_count = ""3818"", train_neg_count = ""2575"", train_log_pval = ""-46.7646"", train_pval = ""1.7e-47"", train_dtc = ""-1"", train_bernoulli = ""0.507244"", is_palindromic = ""n/a"", elapsed_time = ""48.2"", total_sites = ""3818"", site_distr = "" 119 142 110 110 80 98 86 85 87 82 90 97 104 87 78 61 63 235 29 18 49 36 156 138 69 53 78 92 84 86 58 112 83 92 93 68 90 120 163"", 
max_sites = ""3"", site_hist = "" 0 3611 198 9""), gapinfo = new(""universalmotif_gapped"", isgapped = FALSE, gaploc = numeric(0), mingap = numeric(0), maxgap = numeric(0), extrapvals = numeric(0)))","m7_GGAAAG","STREME-7",NA,NA,"GGAAAG","RNA","+-","7.66453694416347","4229","NA","2e-04","NA","NA","PCM","0","c(A = 0.261, C = 0.245, G = 0.254, U = 0.239)","6","6","GGAAAG","5.88979","411","305","-3.70245","-2.25529","5.6e-003","-1","0.507244","3818","2575","-46.7646","1.7e-47","-1","0.507244","n/a","48.2","3818"," 119 142 110 110 80 98 86 85 87 82 90 97 104 87 78 61 63 235 29 18 49 36 156 138 69 53 78 92 84 86 58 112 83 92 93 68 90 120 163","3"," 0 3611 198 9"
"8","new(""universalmotif"", name = ""m8_GAUUG"", altname = ""STREME-8"", family = character(0), organism = character(0), motif = c(42, 0, 173, 16, 146, 0, 55, 30, 0, 0, 0, 231, 1, 7, 0, 223, 33, 0, 198, 0), alphabet = ""RNA"", type = ""PCM"", icscore = 6.85228384168503, nsites = 3364, pseudocount = 0, bkg = c(A = 0.261, C = 0.245, G = 0.254, U = 0.239), bkgsites = numeric(0), consensus = ""GAUUG"", strand = ""+-"", pval = 6e-04, qval = numeric(0), eval = numeric(0), multifreq = list(), extrainfo = c(width = ""5"", initial_width = ""5"", 
seed = ""GAUUG"", score_threshold = ""5.62433"", pos_count = ""352"", neg_count = ""262"", log_pval = ""-3.22014"", log_evalue = ""-1.77298"", evalue = ""1.7e-002"", dtc = ""-1"", bernoulli = ""0.507244"", train_pos_count = ""3012"", train_neg_count = ""2381"", train_log_pval = ""-13.5806"", train_pval = ""2.6e-14"", train_dtc = ""-1"", train_bernoulli = ""0.507244"", is_palindromic = ""n/a"", elapsed_time = ""73.7"", total_sites = ""3012"", site_distr = "" 115 89 94 78 63 52 79 68 63 58 59 64 63 69 59 71 45 49 53 135 86 67 137 50 66 38 52 73 66 56 62 64 68 41 68 52 71 66 74 100"", 
max_sites = ""3"", site_hist = "" 0 2924 87 1""), gapinfo = new(""universalmotif_gapped"", isgapped = FALSE, gaploc = numeric(0), mingap = numeric(0), maxgap = numeric(0), extrapvals = numeric(0)))","m8_GAUUG","STREME-8",NA,NA,"GAUUG","RNA","+-","6.85228384168503","3364","NA","6e-04","NA","NA","PCM","0","c(A = 0.261, C = 0.245, G = 0.254, U = 0.239)","5","5","GAUUG","5.62433","352","262","-3.22014","-1.77298","1.7e-002","-1","0.507244","3012","2381","-13.5806","2.6e-14","-1","0.507244","n/a","73.7","3012"," 115 89 94 78 63 52 79 68 63 58 59 64 63 69 59 71 45 49 53 135 86 67 137 50 66 38 52 73 66 56 62 64 68 41 68 52 71 66 74 100","3"," 0 2924 87 1"
"9","new(""universalmotif"", name = ""m9_GGUUUU"", altname = ""STREME-9"", family = character(0), organism = character(0), motif = c(10, 9, 200, 0, 3, 0, 190, 26, 10, 35, 7, 167, 14, 0, 1, 204, 17, 1, 13, 188, 9, 1, 8, 201), alphabet = ""RNA"", type = ""PCM"", icscore = 8.12733590666899, nsites = 1746, pseudocount = 0, bkg = c(A = 0.261, C = 0.245, G = 0.254, U = 0.239), bkgsites = numeric(0), consensus = ""GGUUUU"", strand = ""+-"", pval = 0.00068, qval = numeric(0), eval = numeric(0), multifreq = list(), extrainfo = c(width = ""6"", 
initial_width = ""6"", seed = ""GGUUUU"", score_threshold = ""7.0355"", pos_count = ""162"", neg_count = ""105"", log_pval = ""-3.16588"", log_evalue = ""-1.71872"", evalue = ""1.9e-002"", dtc = ""-1"", bernoulli = ""0.507244"", train_pos_count = ""1584"", train_neg_count = ""1016"", train_log_pval = ""-25.0369"", train_pval = ""9.2e-26"", train_dtc = ""-1"", train_bernoulli = ""0.507244"", is_palindromic = ""n/a"", elapsed_time = ""61.3"", total_sites = ""1584"", site_distr = "" 54 63 46 38 31 19 38 33 23 38 33 37 36 42 32 29 34 79 68 46 46 58 60 29 10 15 23 35 44 34 25 30 43 24 22 35 34 58 67"", 
max_sites = ""2"", site_hist = "" 0 1434 150""), gapinfo = new(""universalmotif_gapped"", isgapped = FALSE, gaploc = numeric(0), mingap = numeric(0), maxgap = numeric(0), extrapvals = numeric(0)))","m9_GGUUUU","STREME-9",NA,NA,"GGUUUU","RNA","+-","8.12733590666899","1746","NA","0.00068","NA","NA","PCM","0","c(A = 0.261, C = 0.245, G = 0.254, U = 0.239)","6","6","GGUUUU","7.0355","162","105","-3.16588","-1.71872","1.9e-002","-1","0.507244","1584","1016","-25.0369","9.2e-26","-1","0.507244","n/a","61.3","1584"," 54 63 46 38 31 19 38 33 23 38 33 37 36 42 32 29 34 79 68 46 46 58 60 29 10 15 23 35 44 34 25 30 43 24 22 35 34 58 67","2"," 0 1434 150"
"10","new(""universalmotif"", name = ""m1m0_AGAGGGA"", altname = ""STREME-10"", family = character(0), organism = character(0), motif = c(427, 3, 33, 37, 24, 1, 470, 5, 416, 0, 51, 33, 0, 21, 479, 0, 49, 21, 422, 8, 12, 43, 415, 30, 421, 32, 18, 29), alphabet = ""RNA"", type = ""PCM"", icscore = 9.18276763517126, nsites = 1075, pseudocount = 0, bkg = c(A = 0.261, C = 0.245, G = 0.254, U = 0.239), bkgsites = numeric(0), consensus = ""AGAGGGA"", strand = ""+-"", pval = 0.008, qval = numeric(0), eval = numeric(0), multifreq = list(), 
    extrainfo = c(width = ""7"", initial_width = ""6"", seed = ""AGAGGGA"", score_threshold = ""7.74651"", pos_count = ""114"", neg_count = ""77"", log_pval = ""-2.09937"", log_evalue = ""-0.652217"", evalue = ""2.2e-001"", dtc = ""-1"", bernoulli = ""0.507244"", train_pos_count = ""961"", train_neg_count = ""678"", train_log_pval = ""-10.103"", train_pval = ""7.9e-11"", train_dtc = ""-1"", train_bernoulli = ""0.507244"", is_palindromic = ""n/a"", elapsed_time = ""93.2"", total_sites = ""961"", site_distr = "" 47 35 29 25 21 18 21 12 22 28 29 29 17 10 18 16 6 32 27 27 9 46 9 11 26 19 26 29 31 24 14 17 23 22 35 43 39 39"", 
    max_sites = ""2"", site_hist = "" 0 949 12""), gapinfo = new(""universalmotif_gapped"", isgapped = FALSE, gaploc = numeric(0), mingap = numeric(0), maxgap = numeric(0), extrapvals = numeric(0)))","m1m0_AGAGGGA","STREME-10",NA,NA,"AGAGGGA","RNA","+-","9.18276763517126","1075","NA","0.008","NA","NA","PCM","0","c(A = 0.261, C = 0.245, G = 0.254, U = 0.239)","7","6","AGAGGGA","7.74651","114","77","-2.09937","-0.652217","2.2e-001","-1","0.507244","961","678","-10.103","7.9e-11","-1","0.507244","n/a","93.2","961"," 47 35 29 25 21 18 21 12 22 28 29 29 17 10 18 16 6 32 27 27 9 46 9 11 26 19 26 29 31 24 14 17 23 22 35 43 39 39","2"," 0 949 12"
"11","new(""universalmotif"", name = ""m1m1_GAAGGU"", altname = ""STREME-11"", family = character(0), organism = character(0), motif = c(0, 0, 65, 13, 77, 0, 0, 1, 48, 20, 10, 0, 0, 4, 74, 0, 0, 0, 78, 0, 0, 0, 0, 78), alphabet = ""RNA"", type = ""PCM"", icscore = 9.64477291626857, nsites = 302, pseudocount = 0, bkg = c(A = 0.261, C = 0.245, G = 0.254, U = 0.239), bkgsites = numeric(0), consensus = ""GAMGGU"", strand = ""+-"", pval = 0.0085, qval = numeric(0), eval = numeric(0), multifreq = list(), extrainfo = c(width = ""6"", 
initial_width = ""6"", seed = ""GAAGGU"", score_threshold = ""9.45254"", pos_count = ""36"", neg_count = ""17"", log_pval = ""-2.072"", log_evalue = ""-0.624843"", evalue = ""2.4e-001"", dtc = ""-1"", bernoulli = ""0.507244"", train_pos_count = ""266"", train_neg_count = ""159"", train_log_pval = ""-6.25508"", train_pval = ""5.6e-07"", train_dtc = ""-1"", train_bernoulli = ""0.507244"", is_palindromic = ""n/a"", elapsed_time = ""118.4"", total_sites = ""266"", site_distr = "" 18 12 4 4 6 6 8 6 4 5 2 4 5 4 4 5 2 7 10 8 2 1 5 6 7 14 3 7 8 6 11 6 4 13 7 6 9 6 6"", 
max_sites = ""2"", site_hist = "" 0 264 2""), gapinfo = new(""universalmotif_gapped"", isgapped = FALSE, gaploc = numeric(0), mingap = numeric(0), maxgap = numeric(0), extrapvals = numeric(0)))","m1m1_GAAGGU","STREME-11",NA,NA,"GAMGGU","RNA","+-","9.64477291626857","302","NA","0.0085","NA","NA","PCM","0","c(A = 0.261, C = 0.245, G = 0.254, U = 0.239)","6","6","GAAGGU","9.45254","36","17","-2.072","-0.624843","2.4e-001","-1","0.507244","266","159","-6.25508","5.6e-07","-1","0.507244","n/a","118.4","266"," 18 12 4 4 6 6 8 6 4 5 2 4 5 4 4 5 2 7 10 8 2 1 5 6 7 14 3 7 8 6 11 6 4 13 7 6 9 6 6","2"," 0 264 2"
"12","new(""universalmotif"", name = ""m1m2_GWWGA"", altname = ""STREME-12"", family = character(0), organism = character(0), motif = c(6, 6, 19393, 6, 8020, 6, 6, 11379, 9706, 6, 6, 9693, 6, 6, 19393, 6, 19203, 6, 6, 196), alphabet = ""RNA"", type = ""PCM"", icscore = 7.89293374876827, nsites = 3936, pseudocount = 0, bkg = c(A = 0.261, C = 0.245, G = 0.254, U = 0.239), bkgsites = numeric(0), consensus = ""GWWGA"", strand = ""+-"", pval = 0.011, qval = numeric(0), eval = numeric(0), multifreq = list(), extrainfo = c(width = ""5"", 
initial_width = ""5"", seed = ""GAAGA"", score_threshold = ""6.57287"", pos_count = ""400"", neg_count = ""327"", log_pval = ""-1.94711"", log_evalue = ""-0.499954"", evalue = ""3.2e-001"", dtc = ""-1"", bernoulli = ""0.507244"", train_pos_count = ""3536"", train_neg_count = ""2602"", train_log_pval = ""-26.758"", train_pval = ""1.7e-27"", train_dtc = ""-1"", train_bernoulli = ""0.507244"", is_palindromic = ""n/a"", elapsed_time = ""67.4"", total_sites = ""3536"", site_distr = "" 192 132 140 96 91 69 69 69 71 63 90 74 69 93 90 64 55 61 22 134 40 42 172 58 65 69 15 64 88 86 59 80 59 73 82 54 68 82 128 165"", 
max_sites = ""3"", site_hist = "" 0 3406 129 1""), gapinfo = new(""universalmotif_gapped"", isgapped = FALSE, gaploc = numeric(0), mingap = numeric(0), maxgap = numeric(0), extrapvals = numeric(0)))","m1m2_GWWGA","STREME-12",NA,NA,"GWWGA","RNA","+-","7.89293374876827","3936","NA","0.011","NA","NA","PCM","0","c(A = 0.261, C = 0.245, G = 0.254, U = 0.239)","5","5","GAAGA","6.57287","400","327","-1.94711","-0.499954","3.2e-001","-1","0.507244","3536","2602","-26.758","1.7e-27","-1","0.507244","n/a","67.4","3536"," 192 132 140 96 91 69 69 69 71 63 90 74 69 93 90 64 55 61 22 134 40 42 172 58 65 69 15 64 88 86 59 80 59 73 82 54 68 82 128 165","3"," 0 3406 129 1"
"13","new(""universalmotif"", name = ""m1m3_GAGUUUU"", altname = ""STREME-13"", family = character(0), organism = character(0), motif = c(0, 0, 27, 0, 27, 0, 0, 0, 0, 0, 27, 0, 0, 0, 0, 27, 6, 0, 0, 21, 5, 0, 0, 22, 4, 0, 0, 23), alphabet = ""RNA"", type = ""PCM"", icscore = 11.9393190474522, nsites = 165, pseudocount = 0, bkg = c(A = 0.261, C = 0.245, G = 0.254, U = 0.239), bkgsites = numeric(0), consensus = ""GAGUUUU"", strand = ""+-"", pval = 0.014, qval = numeric(0), eval = numeric(0), multifreq = list(), extrainfo = c(width = ""7"", 
initial_width = ""6"", seed = ""GAGUUUU"", score_threshold = ""10.8076"", pos_count = ""18"", neg_count = ""6"", log_pval = ""-1.86638"", log_evalue = ""-0.419224"", evalue = ""3.8e-001"", dtc = ""-1"", bernoulli = ""0.507244"", train_pos_count = ""147"", train_neg_count = ""68"", train_log_pval = ""-6.92831"", train_pval = ""1.2e-07"", train_dtc = ""-1"", train_bernoulli = ""0.507244"", is_palindromic = ""n/a"", elapsed_time = ""136"", total_sites = ""147"", site_distr = "" 3 6 6 8 2 3 1 1 2 6 3 2 2 5 5 3 5 8 8 5 8 3 4 2 1 1 1 4 2 2 4 6 3 2 3 2 3 9"", 
max_sites = ""1"", site_hist = "" 0 147""), gapinfo = new(""universalmotif_gapped"", isgapped = FALSE, gaploc = numeric(0), mingap = numeric(0), maxgap = numeric(0), extrapvals = numeric(0)))","m1m3_GAGUUUU","STREME-13",NA,NA,"GAGUUUU","RNA","+-","11.9393190474522","165","NA","0.014","NA","NA","PCM","0","c(A = 0.261, C = 0.245, G = 0.254, U = 0.239)","7","6","GAGUUUU","10.8076","18","6","-1.86638","-0.419224","3.8e-001","-1","0.507244","147","68","-6.92831","1.2e-07","-1","0.507244","n/a","136","147"," 3 6 6 8 2 3 1 1 2 6 3 2 2 5 5 3 5 8 8 5 8 3 4 2 1 1 1 4 2 2 4 6 3 2 3 2 3 9","1"," 0 147"
"14","new(""universalmotif"", name = ""m1m4_AUUGAUGU"", altname = ""STREME-14"", family = character(0), organism = character(0), motif = c(69, 0, 0, 0, 0, 0, 0, 69, 0, 9, 0, 60, 0, 0, 69, 0, 68, 0, 0, 1, 0, 0, 0, 69, 0, 4, 65, 0, 0, 18, 0, 51), alphabet = ""RNA"", type = ""PCM"", icscore = 14.1846917999579, nsites = 75, pseudocount = 0, bkg = c(A = 0.261, C = 0.245, G = 0.254, U = 0.239), bkgsites = numeric(0), consensus = ""AUUGAUGY"", strand = ""+-"", pval = 0.017, qval = numeric(0), eval = numeric(0), multifreq = list(), 
    extrainfo = c(width = ""8"", initial_width = ""8"", seed = ""AUUGAUGU"", score_threshold = ""13.8725"", pos_count = ""6"", neg_count = ""0"", log_pval = ""-1.76858"", log_evalue = ""-0.321422"", evalue = ""4.8e-001"", dtc = ""-1"", bernoulli = ""0.507244"", train_pos_count = ""69"", train_neg_count = ""15"", train_log_pval = ""-8.67434"", train_pval = ""2.1e-09"", train_dtc = ""-1"", train_bernoulli = ""0.507244"", is_palindromic = ""n/a"", elapsed_time = ""99.3"", total_sites = ""69"", site_distr = "" 2 6 1 0 2 1 3 1 1 2 2 2 2 1 1 2 1 0 1 7 2 2 2 0 2 4 0 2 1 1 2 2 0 2 0 6 3"", 
    max_sites = ""1"", site_hist = "" 0 69""), gapinfo = new(""universalmotif_gapped"", isgapped = FALSE, gaploc = numeric(0), mingap = numeric(0), maxgap = numeric(0), extrapvals = numeric(0)))","m1m4_AUUGAUGU","STREME-14",NA,NA,"AUUGAUGY","RNA","+-","14.1846917999579","75","NA","0.017","NA","NA","PCM","0","c(A = 0.261, C = 0.245, G = 0.254, U = 0.239)","8","8","AUUGAUGU","13.8725","6","0","-1.76858","-0.321422","4.8e-001","-1","0.507244","69","15","-8.67434","2.1e-09","-1","0.507244","n/a","99.3","69"," 2 6 1 0 2 1 3 1 1 2 2 2 2 1 1 2 1 0 1 7 2 2 2 0 2 4 0 2 1 1 2 2 0 2 0 6 3","1"," 0 69"
"15","new(""universalmotif"", name = ""m1m5_AGGAAGG"", altname = ""STREME-15"", family = character(0), organism = character(0), motif = c(234, 24, 0, 0, 0, 46, 212, 0, 0, 26, 232, 0, 258, 0, 0, 0, 255, 3, 0, 0, 0, 35, 223, 0, 0, 0, 174, 84), alphabet = ""RNA"", type = ""PCM"", icscore = 10.831232914184, nsites = 419, pseudocount = 0, bkg = c(A = 0.261, C = 0.245, G = 0.254, U = 0.239), bkgsites = numeric(0), consensus = ""AGGAAGK"", strand = ""+-"", pval = 0.024, qval = numeric(0), eval = numeric(0), multifreq = list(), 
    extrainfo = c(width = ""7"", initial_width = ""6"", seed = ""AGGAAGG"", score_threshold = ""9.14768"", pos_count = ""38"", neg_count = ""21"", log_pval = ""-1.62417"", log_evalue = ""-0.177014"", evalue = ""6.7e-001"", dtc = ""-1"", bernoulli = ""0.507244"", train_pos_count = ""381"", train_neg_count = ""246"", train_log_pval = ""-6.56552"", train_pval = ""2.7e-07"", train_dtc = ""-1"", train_bernoulli = ""0.507244"", is_palindromic = ""n/a"", elapsed_time = ""105.7"", total_sites = ""381"", site_distr = "" 9 15 16 7 5 6 5 12 11 9 3 8 8 2 11 8 11 15 1 2 14 10 8 9 2 10 15 12 5 9 10 12 4 13 8 6 14 24"", 
    max_sites = ""2"", site_hist = "" 0 375 6""), gapinfo = new(""universalmotif_gapped"", isgapped = FALSE, gaploc = numeric(0), mingap = numeric(0), maxgap = numeric(0), extrapvals = numeric(0)))","m1m5_AGGAAGG","STREME-15",NA,NA,"AGGAAGK","RNA","+-","10.831232914184","419","NA","0.024","NA","NA","PCM","0","c(A = 0.261, C = 0.245, G = 0.254, U = 0.239)","7","6","AGGAAGG","9.14768","38","21","-1.62417","-0.177014","6.7e-001","-1","0.507244","381","246","-6.56552","2.7e-07","-1","0.507244","n/a","105.7","381"," 9 15 16 7 5 6 5 12 11 9 3 8 8 2 11 8 11 15 1 2 14 10 8 9 2 10 15 12 5 9 10 12 4 13 8 6 14 24","2"," 0 375 6"
"16","new(""universalmotif"", name = ""m1m6_AGAGUG"", altname = ""STREME-16"", family = character(0), organism = character(0), motif = c(95, 2, 2, 2, 2, 2, 95, 2, 95, 2, 2, 2, 2, 2, 95, 2, 2, 2, 2, 95, 2, 2, 95, 2), alphabet = ""RNA"", type = ""PCM"", icscore = 9.48456968515893, nsites = 231, pseudocount = 0, bkg = c(A = 0.261, C = 0.245, G = 0.254, U = 0.239), bkgsites = numeric(0), consensus = ""AGAGUG"", strand = ""+-"", pval = 0.029, qval = numeric(0), eval = numeric(0), multifreq = list(), extrainfo = c(width = ""6"", 
initial_width = ""6"", seed = ""AGAGUG"", score_threshold = ""10.3893"", pos_count = ""25"", neg_count = ""12"", log_pval = ""-1.53968"", log_evalue = ""-0.0925229"", evalue = ""8.1e-001"", dtc = ""-1"", bernoulli = ""0.507244"", train_pos_count = ""206"", train_neg_count = ""139"", train_log_pval = ""-3.30794"", train_pval = ""0.00049"", train_dtc = ""-1"", train_bernoulli = ""0.507244"", is_palindromic = ""n/a"", elapsed_time = ""188.3"", total_sites = ""206"", site_distr = "" 8 8 7 8 2 3 4 5 4 2 6 3 6 4 7 4 0 6 4 6 3 8 3 2 3 5 6 6 7 5 5 1 7 4 4 3 4 7 18"", 
max_sites = ""1"", site_hist = "" 0 206""), gapinfo = new(""universalmotif_gapped"", isgapped = FALSE, gaploc = numeric(0), mingap = numeric(0), maxgap = numeric(0), extrapvals = numeric(0)))","m1m6_AGAGUG","STREME-16",NA,NA,"AGAGUG","RNA","+-","9.48456968515893","231","NA","0.029","NA","NA","PCM","0","c(A = 0.261, C = 0.245, G = 0.254, U = 0.239)","6","6","AGAGUG","10.3893","25","12","-1.53968","-0.0925229","8.1e-001","-1","0.507244","206","139","-3.30794","0.00049","-1","0.507244","n/a","188.3","206"," 8 8 7 8 2 3 4 5 4 2 6 3 6 4 7 4 0 6 4 6 3 8 3 2 3 5 6 6 7 5 5 1 7 4 4 3 4 7 18","1"," 0 206"
"17","new(""universalmotif"", name = ""m1m7_AAAUGUGK"", altname = ""STREME-17"", family = character(0), organism = character(0), motif = c(49, 0, 0, 0, 47, 0, 0, 2, 49, 0, 0, 0, 0, 9, 0, 40, 0, 0, 49, 0, 0, 0, 0, 49, 1, 2, 41, 5, 0, 0, 31, 18), alphabet = ""RNA"", type = ""PCM"", icscore = 13.2632041571934, nsites = 219, pseudocount = 0, bkg = c(A = 0.261, C = 0.245, G = 0.254, U = 0.239), bkgsites = numeric(0), consensus = ""AAAUGUGK"", strand = ""+-"", pval = 0.031, qval = numeric(0), eval = numeric(0), multifreq = list(), 
    extrainfo = c(width = ""8"", initial_width = ""8"", seed = ""AAAUGUGG"", score_threshold = ""11.2417"", pos_count = ""19"", neg_count = ""8"", log_pval = ""-1.5082"", log_evalue = ""-0.0610431"", evalue = ""8.7e-001"", dtc = ""-1"", bernoulli = ""0.507244"", train_pos_count = ""200"", train_neg_count = ""81"", train_log_pval = ""-11.6114"", train_pval = ""2.4e-12"", train_dtc = ""-1"", train_bernoulli = ""0.507244"", is_palindromic = ""n/a"", elapsed_time = ""86.8"", total_sites = ""200"", site_distr = "" 4 5 8 3 6 2 6 3 5 5 5 8 6 1 3 6 4 6 12 6 7 5 1 2 10 6 5 5 1 5 5 2 4 6 4 10 9"", 
    max_sites = ""1"", site_hist = "" 0 200""), gapinfo = new(""universalmotif_gapped"", isgapped = FALSE, gaploc = numeric(0), mingap = numeric(0), maxgap = numeric(0), extrapvals = numeric(0)))","m1m7_AAAUGUGK","STREME-17",NA,NA,"AAAUGUGK","RNA","+-","13.2632041571934","219","NA","0.031","NA","NA","PCM","0","c(A = 0.261, C = 0.245, G = 0.254, U = 0.239)","8","8","AAAUGUGG","11.2417","19","8","-1.5082","-0.0610431","8.7e-001","-1","0.507244","200","81","-11.6114","2.4e-12","-1","0.507244","n/a","86.8","200"," 4 5 8 3 6 2 6 3 5 5 5 8 6 1 3 6 4 6 12 6 7 5 1 2 10 6 5 5 1 5 5 2 4 6 4 10 9","1"," 0 200"
"18","new(""universalmotif"", name = ""m1m8_GACUUGA"", altname = ""STREME-18"", family = character(0), organism = character(0), motif = c(8, 0, 40, 4, 50, 0, 0, 2, 0, 52, 0, 0, 0, 0, 1, 51, 2, 2, 0, 48, 5, 0, 41, 6, 47, 0, 0, 5), alphabet = ""RNA"", type = ""PCM"", icscore = 10.756903805207, nsites = 500, pseudocount = 0, bkg = c(A = 0.261, C = 0.245, G = 0.254, U = 0.239), bkgsites = numeric(0), consensus = ""GACUUGA"", strand = ""+-"", pval = 0.047, qval = numeric(0), eval = numeric(0), multifreq = list(), extrainfo = c(width = ""7"", 
initial_width = ""7"", seed = ""GACUUGA"", score_threshold = ""9.89039"", pos_count = ""48"", neg_count = ""31"", log_pval = ""-1.32846"", log_evalue = ""0.118696"", evalue = ""1.3e+000"", dtc = ""-1"", bernoulli = ""0.507244"", train_pos_count = ""452"", train_neg_count = ""303"", train_log_pval = ""-6.55702"", train_pval = ""2.8e-07"", train_dtc = ""-1"", train_bernoulli = ""0.507244"", is_palindromic = ""n/a"", elapsed_time = ""112.4"", total_sites = ""452"", site_distr = "" 15 15 10 10 14 11 15 8 11 12 15 9 9 11 6 14 3 16 32 12 15 3 15 5 2 16 9 16 10 3 7 6 17 2 10 5 16 32"", 
max_sites = ""2"", site_hist = "" 0 449 3""), gapinfo = new(""universalmotif_gapped"", isgapped = FALSE, gaploc = numeric(0), mingap = numeric(0), maxgap = numeric(0), extrapvals = numeric(0)))","m1m8_GACUUGA","STREME-18",NA,NA,"GACUUGA","RNA","+-","10.756903805207","500","NA","0.047","NA","NA","PCM","0","c(A = 0.261, C = 0.245, G = 0.254, U = 0.239)","7","7","GACUUGA","9.89039","48","31","-1.32846","0.118696","1.3e+000","-1","0.507244","452","303","-6.55702","2.8e-07","-1","0.507244","n/a","112.4","452"," 15 15 10 10 14 11 15 8 11 12 15 9 9 11 6 14 3 16 32 12 15 3 15 5 2 16 9 16 10 3 7 6 17 2 10 5 16 32","2"," 0 449 3"
"19","new(""universalmotif"", name = ""m1m9_GAUGUGU"", altname = ""STREME-19"", family = character(0), organism = character(0), motif = c(2, 2, 85, 2, 85, 2, 2, 2, 2, 2, 2, 85, 2, 2, 85, 2, 2, 2, 2, 85, 2, 2, 85, 2, 2, 2, 2, 85), alphabet = ""RNA"", type = ""PCM"", icscore = 10.8145321010479, nsites = 78, pseudocount = 0, bkg = c(A = 0.261, C = 0.245, G = 0.254, U = 0.239), bkgsites = numeric(0), consensus = ""GAUGUGU"", strand = ""+-"", pval = 0.051, qval = numeric(0), eval = numeric(0), multifreq = list(), extrainfo = c(width = ""7"", 
initial_width = ""5"", seed = ""GAUGUGU"", score_threshold = ""9.28371"", pos_count = ""10"", neg_count = ""3"", log_pval = ""-1.28867"", log_evalue = ""0.158489"", evalue = ""1.4e+000"", dtc = ""-1"", bernoulli = ""0.507244"", train_pos_count = ""68"", train_neg_count = ""27"", train_log_pval = ""-4.5465"", train_pval = ""2.8e-05"", train_dtc = ""-1"", train_bernoulli = ""0.507244"", is_palindromic = ""n/a"", elapsed_time = ""225.1"", total_sites = ""68"", site_distr = "" 3 2 2 5 2 2 1 3 4 1 1 0 3 4 0 1 0 4 1 1 2 0 3 1 1 2 0 2 1 4 0 1 0 2 3 1 2 1"", 
max_sites = ""1"", site_hist = "" 0 68""), gapinfo = new(""universalmotif_gapped"", isgapped = FALSE, gaploc = numeric(0), mingap = numeric(0), maxgap = numeric(0), extrapvals = numeric(0)))","m1m9_GAUGUGU","STREME-19",NA,NA,"GAUGUGU","RNA","+-","10.8145321010479","78","NA","0.051","NA","NA","PCM","0","c(A = 0.261, C = 0.245, G = 0.254, U = 0.239)","7","5","GAUGUGU","9.28371","10","3","-1.28867","0.158489","1.4e+000","-1","0.507244","68","27","-4.5465","2.8e-05","-1","0.507244","n/a","225.1","68"," 3 2 2 5 2 2 1 3 4 1 1 0 3 4 0 1 0 4 1 1 2 0 3 1 1 2 0 2 1 4 0 1 0 2 3 1 2 1","1"," 0 68"
"20","new(""universalmotif"", name = ""m2m0_AAUCGCAU"", altname = ""STREME-20"", family = character(0), organism = character(0), motif = c(63, 2, 2, 2, 63, 2, 2, 2, 2, 2, 2, 63, 2, 63, 2, 2, 2, 2, 63, 2, 2, 63, 2, 2, 63, 2, 2, 2, 2, 2, 2, 63), alphabet = ""RNA"", type = ""PCM"", icscore = 11.4875881348175, nsites = 27, pseudocount = 0, bkg = c(A = 0.261, C = 0.245, G = 0.254, U = 0.239), bkgsites = numeric(0), consensus = ""AAUCGCAU"", strand = ""+-"", pval = 0.066, qval = numeric(0), eval = numeric(0), multifreq = list(), 
    extrainfo = c(width = ""8"", initial_width = ""8"", seed = ""AAUCGCAU"", score_threshold = ""11.7909"", pos_count = ""4"", neg_count = ""0"", log_pval = ""-1.17905"", log_evalue = ""0.268105"", evalue = ""1.9e+000"", dtc = ""-1"", bernoulli = ""0.507244"", train_pos_count = ""23"", train_neg_count = ""2"", train_log_pval = ""-4.88047"", train_pval = ""1.3e-05"", train_dtc = ""-1"", train_bernoulli = ""0.507244"", is_palindromic = ""n/a"", elapsed_time = ""207"", total_sites = ""23"", site_distr = "" 0 1 0 1 1 1 1 2 0 1 1 1 0 0 2 0 0 1 0 2 0 1 1 0 2 0 0 1 0 1 0 0 0 0 0 2 0"", 
    max_sites = ""1"", site_hist = "" 0 23""), gapinfo = new(""universalmotif_gapped"", isgapped = FALSE, gaploc = numeric(0), mingap = numeric(0), maxgap = numeric(0), extrapvals = numeric(0)))","m2m0_AAUCGCAU","STREME-20",NA,NA,"AAUCGCAU","RNA","+-","11.4875881348175","27","NA","0.066","NA","NA","PCM","0","c(A = 0.261, C = 0.245, G = 0.254, U = 0.239)","8","8","AAUCGCAU","11.7909","4","0","-1.17905","0.268105","1.9e+000","-1","0.507244","23","2","-4.88047","1.3e-05","-1","0.507244","n/a","207","23"," 0 1 0 1 1 1 1 2 0 1 1 1 0 0 2 0 0 1 0 2 0 1 1 0 2 0 0 1 0 1 0 0 0 0 0 2 0","1"," 0 23"
"21","new(""universalmotif"", name = ""m2m1_UGGCUUGU"", altname = ""STREME-21"", family = character(0), organism = character(0), motif = c(0, 3, 17, 366, 72, 1, 280, 33, 0, 0, 349, 37, 0, 386, 0, 0, 0, 0, 119, 267, 10, 18, 0, 358, 0, 0, 386, 0, 0, 0, 0, 386), alphabet = ""RNA"", type = ""PCM"", icscore = 12.7704652662703, nsites = 69, pseudocount = 0, bkg = c(A = 0.261, C = 0.245, G = 0.254, U = 0.239), bkgsites = numeric(0), consensus = ""UGGCKUGU"", strand = ""+-"", pval = 0.097, qval = numeric(0), eval = numeric(0), 
    multifreq = list(), extrainfo = c(width = ""8"", initial_width = ""7"", seed = ""UGGCUUGU"", score_threshold = ""13.8641"", pos_count = ""7"", neg_count = ""2"", log_pval = ""-1.0123"", log_evalue = ""0.434857"", evalue = ""2.7e+000"", dtc = ""-1"", bernoulli = ""0.507244"", train_pos_count = ""62"", train_neg_count = ""15"", train_log_pval = ""-7.22088"", train_pval = ""6e-08"", train_dtc = ""-1"", train_bernoulli = ""0.507244"", is_palindromic = ""n/a"", elapsed_time = ""153.5"", total_sites = ""62"", site_distr = "" 1 4 1 0 3 1 0 0 1 1 2 0 1 1 1 1 2 3 0 1 2 0 0 1 2 6 2 1 2 1 4 2 4 0 2 3 5"", 
    max_sites = ""1"", site_hist = "" 0 62""), gapinfo = new(""universalmotif_gapped"", isgapped = FALSE, gaploc = numeric(0), mingap = numeric(0), maxgap = numeric(0), extrapvals = numeric(0)))","m2m1_UGGCUUGU","STREME-21",NA,NA,"UGGCKUGU","RNA","+-","12.7704652662703","69","NA","0.097","NA","NA","PCM","0","c(A = 0.261, C = 0.245, G = 0.254, U = 0.239)","8","7","UGGCUUGU","13.8641","7","2","-1.0123","0.434857","2.7e+000","-1","0.507244","62","15","-7.22088","6e-08","-1","0.507244","n/a","153.5","62"," 1 4 1 0 3 1 0 0 1 1 2 0 1 1 1 1 2 3 0 1 2 0 0 1 2 6 2 1 2 1 4 2 4 0 2 3 5","1"," 0 62"
"22","new(""universalmotif"", name = ""m2m2_GAAGGCAA"", altname = ""STREME-22"", family = character(0), organism = character(0), motif = c(192, 584, 6036, 312, 6108, 74, 557, 385, 5758, 65, 69, 1232, 78, 44, 6401, 601, 4, 253, 6854, 13, 4, 7112, 4, 4, 5489, 158, 695, 782, 5762, 689, 281, 392), alphabet = ""RNA"", type = ""PCM"", icscore = 10.6759230072053, nsites = 258, pseudocount = 0, bkg = c(A = 0.261, C = 0.245, G = 0.254, U = 0.239), bkgsites = numeric(0), consensus = ""GAAGGCAA"", strand = ""+-"", pval = 0.18, 
    qval = numeric(0), eval = numeric(0), multifreq = list(), extrainfo = c(width = ""8"", initial_width = ""7"", seed = ""GAAGGCAA"", score_threshold = ""9.92842"", pos_count = ""21"", neg_count = ""14"", log_pval = ""-0.752617"", log_evalue = ""0.694541"", evalue = ""4.9e+000"", dtc = ""-1"", bernoulli = ""0.507244"", train_pos_count = ""237"", train_neg_count = ""125"", train_log_pval = ""-7.98636"", train_pval = ""1e-08"", train_dtc = ""-1"", train_bernoulli = ""0.507244"", is_palindromic = ""n/a"", elapsed_time = ""231.8"", total_sites = ""237"", 
    site_distr = "" 15 7 7 10 4 5 8 5 4 6 3 8 6 7 6 1 1 2 4 12 2 2 2 3 18 9 8 8 8 10 4 7 7 5 3 7 8"", max_sites = ""1"", site_hist = "" 0 237""), gapinfo = new(""universalmotif_gapped"", isgapped = FALSE, gaploc = numeric(0), mingap = numeric(0), maxgap = numeric(0), extrapvals = numeric(0)))","m2m2_GAAGGCAA","STREME-22",NA,NA,"GAAGGCAA","RNA","+-","10.6759230072053","258","NA","0.18","NA","NA","PCM","0","c(A = 0.261, C = 0.245, G = 0.254, U = 0.239)","8","7","GAAGGCAA","9.92842","21","14","-0.752617","0.694541","4.9e+000","-1","0.507244","237","125","-7.98636","1e-08","-1","0.507244","n/a","231.8","237"," 15 7 7 10 4 5 8 5 4 6 3 8 6 7 6 1 1 2 4 12 2 2 2 3 18 9 8 8 8 10 4 7 7 5 3 7 8","1"," 0 237"
"23","new(""universalmotif"", name = ""m2m3_AKCUYGAU"", altname = ""STREME-23"", family = character(0), organism = character(0), motif = c(11846, 12, 12, 12, 13, 12, 7000, 4857, 13, 11845, 12, 12, 13, 12, 12, 11845, 1899, 3499, 12, 6472, 13, 12, 11845, 12, 11846, 12, 12, 12, 13, 12, 12, 11845), alphabet = ""RNA"", type = ""PCM"", icscore = 13.3618201984135, nsites = 101, pseudocount = 0, bkg = c(A = 0.261, C = 0.245, G = 0.254, U = 0.239), bkgsites = numeric(0), consensus = ""AKCUYGAU"", strand = ""+-"", pval = 0.18, 
    qval = numeric(0), eval = numeric(0), multifreq = list(), extrainfo = c(width = ""8"", initial_width = ""8"", seed = ""AGCUUGAU"", score_threshold = ""6.31108"", pos_count = ""7"", neg_count = ""3"", log_pval = ""-0.735047"", log_evalue = ""0.712111"", evalue = ""5.2e+000"", dtc = ""-1"", bernoulli = ""0.507244"", train_pos_count = ""94"", train_neg_count = ""29"", train_log_pval = ""-8.36171"", train_pval = ""4.3e-09"", train_dtc = ""-1"", train_bernoulli = ""0.507244"", is_palindromic = ""n/a"", elapsed_time = ""147.7"", total_sites = ""94"", 
    site_distr = "" 2 2 1 4 2 2 3 0 3 1 1 3 4 3 1 1 1 8 0 5 2 0 0 2 1 3 2 1 2 1 4 4 4 4 3 3 4"", max_sites = ""1"", site_hist = "" 0 94""), gapinfo = new(""universalmotif_gapped"", isgapped = FALSE, gaploc = numeric(0), mingap = numeric(0), maxgap = numeric(0), extrapvals = numeric(0)))","m2m3_AKCUYGAU","STREME-23",NA,NA,"AKCUYGAU","RNA","+-","13.3618201984135","101","NA","0.18","NA","NA","PCM","0","c(A = 0.261, C = 0.245, G = 0.254, U = 0.239)","8","8","AGCUUGAU","6.31108","7","3","-0.735047","0.712111","5.2e+000","-1","0.507244","94","29","-8.36171","4.3e-09","-1","0.507244","n/a","147.7","94"," 2 2 1 4 2 2 3 0 3 1 1 3 4 3 1 1 1 8 0 5 2 0 0 2 1 3 2 1 2 1 4 4 4 4 3 3 4","1"," 0 94"
"24","new(""universalmotif"", name = ""m2m4_GUCAGGAA"", altname = ""STREME-24"", family = character(0), organism = character(0), motif = c(170, 159, 6648, 155, 170, 159, 165, 6638, 170, 6642, 165, 155, 6653, 159, 165, 155, 170, 159, 6648, 155, 170, 159, 6648, 155, 6653, 159, 165, 155, 6653, 159, 165, 155), alphabet = ""RNA"", type = ""PCM"", icscore = 12.2760559364321, nsites = 49, pseudocount = 0, bkg = c(A = 0.261, C = 0.245, G = 0.254, U = 0.239), bkgsites = numeric(0), consensus = ""GUCAGGAA"", strand = ""+-"", 
    pval = 0.2, qval = numeric(0), eval = numeric(0), multifreq = list(), extrainfo = c(width = ""8"", initial_width = ""8"", seed = ""GUCAGGAA"", score_threshold = ""14.225"", pos_count = ""4"", neg_count = ""1"", log_pval = ""-0.706161"", log_evalue = ""0.740997"", evalue = ""5.5e+000"", dtc = ""-1"", bernoulli = ""0.507244"", train_pos_count = ""45"", train_neg_count = ""13"", train_log_pval = ""-4.61891"", train_pval = ""2.4e-05"", train_dtc = ""-1"", train_bernoulli = ""0.507244"", is_palindromic = ""n/a"", elapsed_time = ""213"", 
    total_sites = ""45"", site_distr = "" 0 2 1 1 1 0 2 1 1 0 0 1 3 3 1 0 0 0 4 1 1 0 3 0 1 2 1 2 1 0 1 2 3 2 0 0 0"", max_sites = ""1"", site_hist = "" 0 45""), gapinfo = new(""universalmotif_gapped"", isgapped = FALSE, gaploc = numeric(0), mingap = numeric(0), maxgap = numeric(0), extrapvals = numeric(0)))","m2m4_GUCAGGAA","STREME-24",NA,NA,"GUCAGGAA","RNA","+-","12.2760559364321","49","NA","0.2","NA","NA","PCM","0","c(A = 0.261, C = 0.245, G = 0.254, U = 0.239)","8","8","GUCAGGAA","14.225","4","1","-0.706161","0.740997","5.5e+000","-1","0.507244","45","13","-4.61891","2.4e-05","-1","0.507244","n/a","213","45"," 0 2 1 1 1 0 2 1 1 0 0 1 3 3 1 0 0 0 4 1 1 0 3 0 1 2 1 2 1 0 1 2 3 2 0 0 0","1"," 0 45"
"25","new(""universalmotif"", name = ""m2m5_UGAUAAG"", altname = ""STREME-25"", family = character(0), organism = character(0), motif = c(21, 19, 20, 814, 21, 19, 815, 19, 816, 19, 20, 19, 21, 19, 20, 814, 816, 19, 20, 19, 816, 19, 20, 19, 21, 19, 815, 19), alphabet = ""RNA"", type = ""PCM"", icscore = 10.7619153881663, nsites = 52, pseudocount = 0, bkg = c(A = 0.261, C = 0.245, G = 0.254, U = 0.239), bkgsites = numeric(0), consensus = ""UGAUAAG"", strand = ""+-"", pval = 0.2, qval = numeric(0), eval = numeric(0), multifreq = list(), 
    extrainfo = c(width = ""7"", initial_width = ""7"", seed = ""UGAUAAG"", score_threshold = ""13.326"", pos_count = ""4"", neg_count = ""1"", log_pval = ""-0.706156"", log_evalue = ""0.741002"", evalue = ""5.5e+000"", dtc = ""-1"", bernoulli = ""0.507244"", train_pos_count = ""48"", train_neg_count = ""12"", train_log_pval = ""-5.57046"", train_pval = ""2.7e-06"", train_dtc = ""-1"", train_bernoulli = ""0.507244"", is_palindromic = ""n/a"", elapsed_time = ""182.6"", total_sites = ""48"", site_distr = "" 2 1 0 0 0 0 0 2 0 2 0 2 0 3 0 1 4 0 0 2 0 4 2 0 2 1 1 0 1 2 2 2 1 2 0 0 2 4"", 
    max_sites = ""1"", site_hist = "" 0 48""), gapinfo = new(""universalmotif_gapped"", isgapped = FALSE, gaploc = numeric(0), mingap = numeric(0), maxgap = numeric(0), extrapvals = numeric(0)))","m2m5_UGAUAAG","STREME-25",NA,NA,"UGAUAAG","RNA","+-","10.7619153881663","52","NA","0.2","NA","NA","PCM","0","c(A = 0.261, C = 0.245, G = 0.254, U = 0.239)","7","7","UGAUAAG","13.326","4","1","-0.706156","0.741002","5.5e+000","-1","0.507244","48","12","-5.57046","2.7e-06","-1","0.507244","n/a","182.6","48"," 2 1 0 0 0 0 0 2 0 2 0 2 0 3 0 1 4 0 0 2 0 4 2 0 2 1 1 0 1 2 2 2 1 2 0 0 2 4","1"," 0 48"
"26","new(""universalmotif"", name = ""m2m6_AUGCUWGG"", altname = ""STREME-26"", family = character(0), organism = character(0), motif = c(4214, 5, 5, 5, 5, 16, 5, 4203, 736, 5, 3483, 5, 5, 4214, 5, 5, 5, 5, 5, 4214, 2138, 182, 5, 1904, 5, 480, 3739, 5, 5, 5, 4214, 5), alphabet = ""RNA"", type = ""PCM"", icscore = 13.3277022100746, nsites = 91, pseudocount = 0, bkg = c(A = 0.261, C = 0.245, G = 0.254, U = 0.239), bkgsites = numeric(0), consensus = ""AUGCUWGG"", strand = ""+-"", pval = 0.21, qval = numeric(0), eval = numeric(0), 
    multifreq = list(), extrainfo = c(width = ""8"", initial_width = ""8"", seed = ""AUGCUUGG"", score_threshold = ""13.2637"", pos_count = ""8"", neg_count = ""4"", log_pval = ""-0.68151"", log_evalue = ""0.765648"", evalue = ""5.8e+000"", dtc = ""-1"", bernoulli = ""0.507244"", train_pos_count = ""83"", train_neg_count = ""27"", train_log_pval = ""-7.02833"", train_pval = ""9.4e-08"", train_dtc = ""-1"", train_bernoulli = ""0.507244"", is_palindromic = ""n/a"", elapsed_time = ""159.2"", total_sites = ""83"", site_distr = "" 0 3 1 1 2 2 2 1 3 2 3 0 2 1 1 4 2 0 1 1 4 2 2 3 1 1 4 2 3 4 0 3 3 1 2 6 2"", 
    max_sites = ""1"", site_hist = "" 0 83""), gapinfo = new(""universalmotif_gapped"", isgapped = FALSE, gaploc = numeric(0), mingap = numeric(0), maxgap = numeric(0), extrapvals = numeric(0)))","m2m6_AUGCUWGG","STREME-26",NA,NA,"AUGCUWGG","RNA","+-","13.3277022100746","91","NA","0.21","NA","NA","PCM","0","c(A = 0.261, C = 0.245, G = 0.254, U = 0.239)","8","8","AUGCUUGG","13.2637","8","4","-0.68151","0.765648","5.8e+000","-1","0.507244","83","27","-7.02833","9.4e-08","-1","0.507244","n/a","159.2","83"," 0 3 1 1 2 2 2 1 3 2 3 0 2 1 1 4 2 0 1 1 4 2 2 3 1 1 4 2 3 4 0 3 3 1 2 6 2","1"," 0 83"
"27","new(""universalmotif"", name = ""m2m7_GUUGGU"", altname = ""STREME-27"", family = character(0), organism = character(0), motif = c(80, 75, 3136, 73, 80, 75, 78, 3131, 80, 75, 78, 3131, 80, 75, 3136, 73, 80, 75, 3136, 73, 80, 75, 78, 3131), alphabet = ""RNA"", type = ""PCM"", icscore = 9.18650695509963, nsites = 69, pseudocount = 0, bkg = c(A = 0.261, C = 0.245, G = 0.254, U = 0.239), bkgsites = numeric(0), consensus = ""GUUGGU"", strand = ""+-"", pval = 0.32, qval = numeric(0), eval = numeric(0), multifreq = list(), 
    extrainfo = c(width = ""6"", initial_width = ""6"", seed = ""GUUGGU"", score_threshold = ""12.1508"", pos_count = ""3"", neg_count = ""1"", log_pval = ""-0.490147"", log_evalue = ""0.957011"", evalue = ""9.1e+000"", dtc = ""-1"", bernoulli = ""0.507244"", train_pos_count = ""66"", train_neg_count = ""21"", train_log_pval = ""-5.86713"", train_pval = ""1.4e-06"", train_dtc = ""-1"", train_bernoulli = ""0.507244"", is_palindromic = ""n/a"", elapsed_time = ""164.9"", total_sites = ""66"", site_distr = "" 2 2 1 1 2 2 2 2 0 0 0 0 1 0 2 1 0 1 2 2 1 2 1 2 0 5 0 2 1 1 1 2 2 1 0 3 1 3 2"", 
    max_sites = ""2"", site_hist = "" 0 64 2""), gapinfo = new(""universalmotif_gapped"", isgapped = FALSE, gaploc = numeric(0), mingap = numeric(0), maxgap = numeric(0), extrapvals = numeric(0)))","m2m7_GUUGGU","STREME-27",NA,NA,"GUUGGU","RNA","+-","9.18650695509963","69","NA","0.32","NA","NA","PCM","0","c(A = 0.261, C = 0.245, G = 0.254, U = 0.239)","6","6","GUUGGU","12.1508","3","1","-0.490147","0.957011","9.1e+000","-1","0.507244","66","21","-5.86713","1.4e-06","-1","0.507244","n/a","164.9","66"," 2 2 1 1 2 2 2 2 0 0 0 0 1 0 2 1 0 1 2 2 1 2 1 2 0 5 0 2 1 1 1 2 2 1 0 3 1 3 2","2"," 0 64 2"
"28","new(""universalmotif"", name = ""m2m8_AGACUGGU"", altname = ""STREME-28"", family = character(0), organism = character(0), motif = c(1505, 6, 27, 208, 178, 143, 1416, 9, 1607, 1, 18, 120, 1, 1743, 1, 1, 222, 56, 40, 1428, 165, 1, 1579, 1, 104, 179, 1376, 87, 1, 1, 114, 1630), alphabet = ""RNA"", type = ""PCM"", icscore = 11.1495932926221, nsites = 386, pseudocount = 0, bkg = c(A = 0.261, C = 0.245, G = 0.254, U = 0.239), bkgsites = numeric(0), consensus = ""AGACUGGU"", strand = ""+-"", pval = 0.38, qval = numeric(0), 
    eval = numeric(0), multifreq = list(), extrainfo = c(width = ""8"", initial_width = ""6"", seed = ""AGACUGGU"", score_threshold = ""9.48267"", pos_count = ""29"", neg_count = ""25"", log_pval = ""-0.418025"", log_evalue = ""1.02913"", evalue = ""1.1e+001"", dtc = ""-1"", bernoulli = ""0.507244"", train_pos_count = ""357"", train_neg_count = ""194"", train_log_pval = ""-10.7287"", train_pval = ""1.9e-11"", train_dtc = ""-1"", train_bernoulli = ""0.507244"", is_palindromic = ""n/a"", elapsed_time = ""124.4"", total_sites = ""357"", site_distr = "" 12 16 15 7 6 5 4 8 12 7 8 5 4 10 7 5 11 10 10 1 1 24 2 9 12 5 19 5 6 10 4 13 20 13 6 18 12"", 
    max_sites = ""2"", site_hist = "" 0 355 2""), gapinfo = new(""universalmotif_gapped"", isgapped = FALSE, gaploc = numeric(0), mingap = numeric(0), maxgap = numeric(0), extrapvals = numeric(0)))","m2m8_AGACUGGU","STREME-28",NA,NA,"AGACUGGU","RNA","+-","11.1495932926221","386","NA","0.38","NA","NA","PCM","0","c(A = 0.261, C = 0.245, G = 0.254, U = 0.239)","8","6","AGACUGGU","9.48267","29","25","-0.418025","1.02913","1.1e+001","-1","0.507244","357","194","-10.7287","1.9e-11","-1","0.507244","n/a","124.4","357"," 12 16 15 7 6 5 4 8 12 7 8 5 4 10 7 5 11 10 10 1 1 24 2 9 12 5 19 5 6 10 4 13 20 13 6 18 12","2"," 0 355 2"
